<?xml version="1.0" encoding="UTF-8"?>
<project-private xmlns="http://www.netbeans.org/ns/project-private/1">
    <editor-bookmarks xmlns="http://www.netbeans.org/ns/editor-bookmarks/2" lastBookmarkId="0"/>
    <open-files xmlns="http://www.netbeans.org/ns/projectui-open-files/2">
        <group>
            <file>file:/C:/Users/DELL/Documents/NetBeansProjects/Listas_Gestion_De_Tareas/src/listas_gestion_de_tareas/Listas_Gestion_De_Tareas.java</file>
            <file>file:/C:/Users/DELL/Documents/NetBeansProjects/Listas_Gestion_De_Tareas/src/listas_gestion_de_tareas/Tarea.java</file>
            <file>file:/C:/Users/DELL/Documents/NetBeansProjects/Listas_Gestion_De_Tareas/src/listas_gestion_de_tareas/Usuario.java</file>
            <file>file:/C:/Users/DELL/Documents/NetBeansProjects/Listas_Gestion_De_Tareas/src/listas_gestion_de_tareas/Lista.java</file>
        </group>
    </open-files>
</project-private>
